num_substrates,feature_method,avg_accuracy,avg_classwise_acc,std_err_avg_acc,std_err_avg_classwise_acc,avg_precision,avg_recall,avg_f1_score
7,lstm_with_attention,0.7850267379679146,0.7799659863945579,0.048602666958201084,0.04941714516906708,0.8315306122448981,0.7799659863945578,0.7802670158972678
7,just_attention,0.7784313725490196,0.7773469387755103,0.12038303008376815,0.1327143762010109,0.8092022263450834,0.7773469387755102,0.7737380080237225
7,transformer,0.7358288770053477,0.7425170068027211,0.1206730173495279,0.12113977930030978,0.7419181612038754,0.7425170068027211,0.7132615050682277
