num_substrates,feature_method,avg_accuracy,avg_classwise_acc,std_err_avg_acc,std_err_avg_classwise_acc,avg_precision,avg_recall,avg_f1_score
6,just_attention,0.8141666666666667,0.7777777777777778,0.1111836568725618,0.12139874101895641,0.7881349206349206,0.777777777777778,0.7572270322270321
7,just_attention,0.845220588235294,0.8214285714285714,0.08356917679197624,0.08417937871268423,0.8361904761904763,0.8214285714285713,0.8036848072562358
8,just_attention,0.7687134502923976,0.746875,0.07053332231738901,0.04321347606810738,0.7688095238095238,0.746875,0.7280690836940837
9,just_attention,0.7152631578947368,0.6814814814814814,0.08064662495320861,0.08169164814856586,0.6720370370370371,0.6814814814814816,0.6489241622574956
10,just_attention,0.7207792207792207,0.6933333333333332,0.11998841170160345,0.12930369076110879,0.7028333333333333,0.6933333333333334,0.6706746031746033
11,just_attention,0.6911067193675888,0.6356060606060605,0.09677359320252092,0.11325440859055963,0.6033333333333334,0.6356060606060606,0.5993290043290043
