num_substrates,feature_method,avg_accuracy,avg_classwise_acc,std_err_avg_acc,std_err_avg_classwise_acc,avg_precision,avg_recall,avg_f1_score
7,lstm_with_attention,0.7611408199643493,0.7565986394557823,0.06252595014158648,0.05740035520320277,0.7862585034013606,0.7565986394557822,0.7456560899418042
7,transformer,0.8267379679144385,0.8119047619047619,0.06473705686270523,0.0707417579393506,0.8483333333333334,0.8119047619047618,0.8108851465994323
