num_substrates,feature_method,avg_accuracy,avg_classwise_acc,std_err_avg_acc,std_err_avg_classwise_acc,avg_precision,avg_recall,avg_f1_score
7,lstm_with_attention,0.7602495543672015,0.7463945578231292,0.03384932400484313,0.03685973302334751,0.7779251700680272,0.7463945578231291,0.7411734297448583
7,transformer,0.7901960784313726,0.8112244897959183,0.07785724070946239,0.06551041600406526,0.8201133786848072,0.8112244897959184,0.7918728890157462
