num_substrates,feature_method,avg_accuracy,avg_classwise_acc,std_err_avg_acc,std_err_avg_classwise_acc,avg_precision,avg_recall,avg_f1_score
7,lstm_with_attention,0.7967914438502675,0.8084013605442177,0.04937321818827539,0.033201286420316674,0.8093990929705217,0.8084013605442177,0.7972922362418161
7,just_attention,0.7493761140819964,0.7304081632653061,0.07360235133424896,0.06908793769396325,0.7948936777508206,0.7304081632653061,0.738122097323778
7,transformer,0.8267379679144385,0.8474489795918367,0.0377189665987781,0.03374297094650295,0.8635157699443414,0.8474489795918368,0.8386166214737643
